{"cameraMode":{"drawMode":0,"name":"Shaded","section":"Shading Mode"},"sceneLighting":false,"audioPlay":false,"sceneViewState":{"showFog":true,"showMaterialUpdate":false,"showSkybox":true,"showFlares":true,"showImageEffects":true,"showParticleSystems":true},"in2DMode":false,"pivot":{"x":0.007975840009748936,"y":-0.02464180439710617,"z":0.06505453586578369},"rotation":{"x":-0.24034126102924348,"y":-0.3128684461116791,"z":0.0821627527475357,"w":-0.9152042269706726},"size":0.4143153429031372,"orthographic":false}