{"cameraMode":{"drawMode":0,"name":"Shaded","section":"Shading Mode"},"sceneLighting":true,"audioPlay":false,"sceneViewState":{"showFog":true,"showMaterialUpdate":false,"showSkybox":true,"showFlares":true,"showImageEffects":true,"showParticleSystems":true},"in2DMode":false,"pivot":{"x":2.0838446617126467,"y":-0.214781254529953,"z":3.1608214378356935},"rotation":{"x":-0.17050613462924958,"y":-0.1800965815782547,"z":0.03171499818563461,"w":-0.9682391881942749},"size":6.649778366088867,"orthographic":false}